Group,Unemployment (% of female unemployment),Country
1980,4.800000190734862,Canada
1980,14.3000001907349,Japan
1980,3.09999990463257,United States
1981,4.59999990463257,Canada
1981,9.10000038146973,Japan
1981,4.90000009536743,United States
1982,6.199999809265139,Canada
1982,10.1999998092651,Japan
1982,5.699999809265139,United States
