Group,Year,Amount in kilograms
Fertilizer consumption,2007,14.963376423077
Fertilizer consumption,2008,8.56457653647485
Fertilizer consumption,2009,13.99618530276473
Fertilizer consumption,2010,19.48776926615864
Fertilizer consumption,2011,17.47909655384632
Fertilizer consumption,2012,21.7777777777778
