Group,Electricity production (% of total),Years
Belgium,40.2862505865791,2010
Belgium,34.9440499730361,2011
Belgium,35.8705627957453,2012
Romania,47.3382937253906,2010
Romania,54.73797964483301,2011
Romania,55.0957702556739,2012
Slovak Republic,25.0728226041363,2010
Slovak Republic,27.4816176470588,2011
Slovak Republic,25.6460039536854,"2012"""
