Group,Country,Electric power consumption (kWh per capita)
1960,Germany,1586.74941529824
1960,Greece,241.726653244076
1960,Iceland,2614.28229692323
1960,Ireland,695.0434844092482
1960,Italy,975.02574716582
1961,Germany,1683.4149131441
1961,Greece,272.56327361709
1961,Iceland,2871.043238804891
1961,Ireland,752.018127743946
1961,Italy,1046.41510516688
1962,Germany,1790.68687742638
1962,Greece,305.389304485328
1962,Iceland,2895.08603011328
1962,Ireland,838.1375504663181
1962,Italy,1143.60512931719
