Group,Employment (as % of female employment),Country
1980,14.6000003814697,France
1980,27.10000038146969,Italy
1980,10.5,Norway
1980,35.0999984741211,Spain
1981,14.5,France
1981,26.5,Italy
1981,10.1999998092651,Norway
1981,35.2000007629395,Spain
