Group,Years,Survival rate(%)
Jordan,0,68.62044098633
Jordan,1,79.859900366406
Jordan,2,88.168650390242
Tanzania,0,31.8186
Tanzania,1,29.60648
Tanzania,2,29.5025393676
