Group,Employment (as % of total employment),Years
Cameroon,83.599998474121,1996
Cameroon,77.5,2001
Cameroon,83.9000015258789,2005
Cameroon,76.9000015258789,2010
Poland,29.60000038146969,1996
Poland,28.10000038146969,2001
Poland,25.7999992370605,2005
Poland,23.0,2010
