Group,Years,Amount of energy used(kg of oil equivalent per capita)
Guatemala,0,304.88394307632
Guatemala,1,432.09242783057
Guatemala,2,464.390940356425
Guatemala,3,467.711938893821
Guatemala,4,487.035651236249
Morocco,0,482.464244793521
Morocco,1,601.8376620227599
Morocco,2,592.343597768961
Morocco,3,587.03899571527
Morocco,4,617.0562569627521
St. Lucia,0,40560.3974053897
St. Lucia,1,734.755832621224
St. Lucia,2,742.699315832816
St. Lucia,3,709.4602569571201
St. Lucia,4,752.201200446789
