Group,Employment to population ratio(%),Year
Female,26.2999992370605,1994
Female,26.2000007629395,1995
Female,26.2999992370605,1996
Female,26.5,1997
Male,45.5,1994
Male,45.4000015258789,1995
Male,45.5999984741211,1996
Male,45.7000007629395,1997
