Group,Years,Rent(as % of GDP)
High income,0,2.04047743346788
High income,1,2.64467088904609
High income,2,2.6746678185846
High income,3,2.5741205046702
Japan,0,0.14502436350715
Japan,1,0.145638412924688
Japan,2,0.145406482079604
Japan,3,0.145405610222214
Kazakhstan,0,28.6348633670171
Kazakhstan,1,30.4188606162335
Kazakhstan,2,27.1985570270911
Kazakhstan,3,23.7702706354469
Mozambique,0,0.110617139392093
Mozambique,1,0.11038975671124
Mozambique,2,0.14053344012013
Mozambique,3,0.11278837904012
