Group,Insurance services (% of commercial service imports),Years
Haiti,1.09485972144136,2005
Haiti,1.10584409447429,2006
Haiti,1.40828369257608,2007
Jordan,8.49585771859375,2005
Jordan,8.082957710937508,2006
Jordan,8.16870540268555,2007
South Africa,5.582708794653031,2005
South Africa,5.53602029441443,2006
South Africa,5.19594525871602,2007
