Group,Year,Claims (% of GDP)
Central government,2001,6.9050435744115
Central government,2002,14.0237534753417
Central government,2003,15.9618415525388
Central government,2004,15.7093872070476
Central government,2005,12.0403668920032
State government,2001,62.25644612192061
State government,2002,64.90223758917351
State government,2003,67.0973337842385
State government,2004,73.6673340003754
State government,2005,80.1090503312323
