{
    "Precision (Macro)": 0.30416666666666664,
    "Recall (Macro)": 0.25142450142450146,
    "F1 Score (Micro)": 0.3375,
    "F1 Score (Macro)": 0.21021668219944084
}